display_name,stub,dropdown_parent
HOME,https://library.josephy.org/,
JOSEPHY CENTER,https://josephy.org/,
ABOUT,,
THE LIBRARY,https://library.josephy.org/about/,ABOUT
ALVIN JOSEPHY,https://library.josephy.org/alvin-josephy/,ABOUT
LIBRARY DIRECTOR,https://library.josephy.org/library-director/,ABOUT
COLLECTIONS,,
ANNOTATED ALVIN JOSEPHY,https://library.josephy.org/annotated,COLLECTIONS
JOSEPHY LIBRARY BOOKS,https://catalog.sage.eou.edu/eg/opac/results?query=*&qtype=keyword&fg%3Amat_format=&locg=175&detail_record_view=1&_adv=1&sort=,COLLECTIONS
AUDIO ARCHIVES,https://library.josephy.org/collections/audio-archives/,COLLECTIONS
EXHIBITS,,
HISTORIC PHOTOS OF WALLOWA,https://library.josephy.org/historic-photos-virtual-exhibit/,EXHIBITS
ALVIN JOSEPHY INTERACTIVE EXHIBIT,https://library.josephy.org/alvin-josephy/#exhibit,EXHIBITS
NEZ PERCE MUSIC EXHIBIT,https://library.josephy.org/nez-perce-music/,EXHIBITS
'THE WAY THEY LIVED' EXHIBIT,https://library.josephy.org/the-way-they-lived/,EXHIBITS
DAMS, SALMON, & CONTROVERSY,https://library.josephy.org/dams-salmon-and-controversy/,EXHIBITS
EVENTS,,
TUESDAY TALKS,https://josephy.org/calendar/category/events/tuesday/,EVENTS
VIRTUAL BOOK GROUP,https://library.josephy.org/book-group/,EVENTS
NEZ PERCE: RENEWAL AND RETURN EXHIBIT,https://oregoncapitol.com/events-and-exhibits-exhibits/,EVENTS
NEZ PERCE,,
ABOUT THE NIIMÍIPUU,https://library.josephy.org/nimipu/,NEZ PERCE
NEZ PERCE BOOKS,https://catalog.sage.eou.edu/eg/opac/results?query=Nez+Perce+&qtype=keyword&fg%3Amat_format=&locg=175&detail_record_view=1&_adv=1&page=0&sort=/,NEZ PERCE
ANCESTRAL WALLOWA LANDS,https://library.josephy.org/ancestral-wallowa-lands/,NEZ PERCE
NEZ PERCE TREATIES,https://library.josephy.org/nez-perce-treaties-exhibit/,NEZ PERCE
'ETWEYÉ·WISE SCULPTURE,https://library.josephy.org/plateau-indian-art-on-main-street/,NEZ PERCE
NEZ PERCE MUSIC EXHIBIT,https://library.josephy.org/nez-perce-music/,NEZ PERCE
'THE WAY THEY LIVED' EXHIBIT,https://library.josephy.org/the-way-they-lived/,NEZ PERCE
LIBRARY BLOG,https://library.josephy.org/blog/,
DONATE,https://library.josephy.org/donate/